response_id,expert_id,expert_gender,vote_weight,time_voted
209,2,female,-1,2019-10-07 06:21:05 UTC
120,13,male,-1,2019-10-09 12:44:26 UTC
196,13,male,-1,2019-10-09 12:45:25 UTC
191,13,male,-1,2019-10-09 12:46:41 UTC
216,13,male,-1,2019-10-09 12:47:58 UTC
265,13,male,-1,2019-10-09 12:49:29 UTC
131,13,male,-1,2019-10-09 13:08:49 UTC
226,13,male,1,2019-10-09 13:10:19 UTC
157,13,male,-1,2019-10-09 13:10:41 UTC
156,13,male,-10,2019-10-09 13:11:49 UTC
190,13,male,-1,2019-10-09 13:12:47 UTC
243,13,male,-1,2019-10-09 13:14:43 UTC
195,13,male,-1,2019-10-09 13:15:30 UTC
113,13,male,-10,2019-10-09 13:15:49 UTC
143,13,male,-1,2019-10-09 13:17:15 UTC
182,13,male,-1,2019-10-09 13:19:06 UTC
163,15,female,-1,2019-10-09 15:24:41 UTC
136,15,female,1,2019-10-09 15:25:09 UTC
216,15,female,-1,2019-10-09 15:26:32 UTC
105,15,female,1,2019-10-09 15:26:41 UTC
149,15,female,1,2019-10-09 15:27:11 UTC
215,15,female,-1,2019-10-09 15:27:46 UTC
229,15,female,1,2019-10-09 15:28:15 UTC
131,15,female,1,2019-10-09 15:28:23 UTC
127,15,female,-1,2019-10-09 15:29:28 UTC
265,15,female,1,2019-10-09 15:29:39 UTC
113,15,female,1,2019-10-09 15:29:48 UTC
152,15,female,-1,2019-10-09 15:32:17 UTC
181,15,female,1,2019-10-09 15:32:32 UTC
232,12,male,-1,2019-10-09 18:00:09 UTC
180,12,male,-1,2019-10-09 18:00:31 UTC
193,12,male,-1,2019-10-09 18:02:06 UTC
166,12,male,-1,2019-10-09 18:02:20 UTC
181,12,male,-1,2019-10-09 18:03:03 UTC
188,12,male,-1,2019-10-09 18:03:43 UTC
215,12,male,-1,2019-10-09 18:03:53 UTC
220,12,male,-1,2019-10-09 18:04:45 UTC
268,12,male,1,2019-10-09 18:06:12 UTC
209,12,male,1,2019-10-09 18:08:24 UTC
212,12,male,-1,2019-10-09 18:09:04 UTC
224,12,male,-1,2019-10-09 18:10:18 UTC
171,12,male,1,2019-10-09 18:11:06 UTC
169,12,male,-1,2019-10-09 18:11:14 UTC
170,12,male,-1,2019-10-09 18:11:22 UTC
105,11,female,1,2019-10-09 20:35:13 UTC
245,11,female,-1,2019-10-09 20:44:09 UTC
201,11,female,1,2019-10-09 20:45:15 UTC
162,11,female,-1,2019-10-09 20:45:32 UTC
213,11,female,1,2019-10-09 20:46:45 UTC
175,11,female,-1,2019-10-09 20:48:32 UTC
117,11,female,-1,2019-10-09 20:49:03 UTC
114,11,female,-1,2019-10-09 20:49:56 UTC
219,11,female,-1,2019-10-09 20:50:51 UTC
202,11,female,-1,2019-10-09 20:52:07 UTC
208,11,female,-1,2019-10-09 20:52:45 UTC
222,11,female,-1,2019-10-09 20:53:03 UTC
174,11,female,-10,2019-10-09 20:53:46 UTC
233,11,female,1,2019-10-09 20:54:04 UTC
198,11,female,-1,2019-10-09 20:54:10 UTC
157,11,female,-1,2019-10-09 20:55:11 UTC
111,11,female,-10,2019-10-09 20:56:07 UTC
118,11,female,1,2019-10-09 20:56:45 UTC
224,11,female,-1,2019-10-09 20:57:20 UTC
217,11,female,1,2019-10-09 20:58:09 UTC
210,11,female,1,2019-10-09 20:58:34 UTC
194,11,female,-1,2019-10-09 20:59:40 UTC
255,11,female,-1,2019-10-09 21:00:32 UTC
246,11,female,1,2019-10-09 21:01:20 UTC
106,11,female,1,2019-10-09 21:01:46 UTC
209,11,female,-1,2019-10-09 21:01:49 UTC
119,11,female,1,2019-10-09 21:02:33 UTC
243,11,female,-1,2019-10-09 21:03:42 UTC
235,11,female,-1,2019-10-09 21:04:41 UTC
144,11,female,1,2019-10-09 21:05:11 UTC
259,11,female,1,2019-10-09 21:06:42 UTC
181,11,female,1,2019-10-09 21:07:05 UTC
125,11,female,1,2019-10-09 21:07:20 UTC
218,11,female,1,2019-10-09 21:07:37 UTC
190,11,female,1,2019-10-09 21:08:06 UTC
165,11,female,-1,2019-10-09 21:08:29 UTC
247,19,male,-1,2019-10-09 23:21:43 UTC
129,19,male,-1,2019-10-09 23:22:44 UTC
168,19,male,-1,2019-10-09 23:23:39 UTC
256,19,male,-1,2019-10-09 23:23:47 UTC
156,19,male,-1,2019-10-09 23:24:39 UTC
203,19,male,-1,2019-10-09 23:28:29 UTC
116,19,male,-1,2019-10-09 23:29:02 UTC
139,19,male,-1,2019-10-09 23:29:32 UTC
236,19,male,-1,2019-10-09 23:31:23 UTC
174,19,male,-1,2019-10-09 23:31:42 UTC
109,19,male,1,2019-10-09 23:32:29 UTC
125,19,male,-1,2019-10-09 23:33:01 UTC
121,2,female,-10,2019-10-09 23:49:10 UTC
266,18,male,1,2019-10-10 04:13:51 UTC
180,18,male,-1,2019-10-10 04:15:14 UTC
105,18,male,-1,2019-10-10 04:15:55 UTC
155,18,male,-1,2019-10-10 04:16:27 UTC
147,18,male,-1,2019-10-10 04:17:07 UTC
191,18,male,-1,2019-10-10 04:17:54 UTC
198,18,male,-1,2019-10-10 04:18:01 UTC
181,18,male,-1,2019-10-10 04:19:04 UTC
262,18,male,1,2019-10-10 04:20:20 UTC
179,18,male,-1,2019-10-10 04:22:03 UTC
171,18,male,1,2019-10-10 04:22:46 UTC
239,18,male,-1,2019-10-10 04:22:58 UTC
264,18,male,-1,2019-10-10 04:23:35 UTC
212,18,male,-1,2019-10-10 04:23:54 UTC
110,18,male,1,2019-10-10 04:24:33 UTC
223,19,male,-1,2019-10-10 07:24:53 UTC
185,19,male,-1,2019-10-10 07:25:29 UTC
255,19,male,1,2019-10-10 07:28:40 UTC
119,19,male,1,2019-10-10 07:29:17 UTC
177,19,male,-1,2019-10-10 07:29:27 UTC
195,19,male,-1,2019-10-10 07:29:44 UTC
231,19,male,-1,2019-10-10 07:30:55 UTC
117,19,male,-1,2019-10-10 07:31:17 UTC
105,19,male,-1,2019-10-10 07:33:05 UTC
224,19,male,-1,2019-10-10 07:35:51 UTC
183,19,male,-1,2019-10-10 07:37:50 UTC
182,19,male,1,2019-10-10 07:38:49 UTC
262,19,male,-1,2019-10-10 07:40:46 UTC
249,19,male,-1,2019-10-10 07:43:19 UTC
269,19,male,-1,2019-10-10 07:45:31 UTC
206,19,male,1,2019-10-10 07:49:43 UTC
108,19,male,1,2019-10-10 07:51:56 UTC
212,19,male,-1,2019-10-10 07:53:09 UTC
239,13,male,-10,2019-10-10 09:02:35 UTC
270,13,male,1,2019-10-10 09:08:46 UTC
210,13,male,-1,2019-10-10 09:09:21 UTC
111,13,male,-1,2019-10-10 09:10:14 UTC
153,13,male,-1,2019-10-10 09:12:09 UTC
255,13,male,-1,2019-10-10 09:13:12 UTC
249,13,male,-1,2019-10-10 09:13:21 UTC
162,13,male,-1,2019-10-10 09:17:23 UTC
178,13,male,-1,2019-10-10 09:18:02 UTC
211,15,female,-1,2019-10-11 10:47:46 UTC
244,15,female,-1,2019-10-11 10:47:56 UTC
160,15,female,1,2019-10-11 10:48:15 UTC
126,15,female,1,2019-10-11 10:48:27 UTC
172,15,female,-1,2019-10-11 10:48:42 UTC
225,15,female,1,2019-10-11 10:48:48 UTC
240,15,female,-1,2019-10-11 10:48:54 UTC
248,15,female,1,2019-10-11 10:49:15 UTC
245,15,female,1,2019-10-11 10:49:29 UTC
146,15,female,-1,2019-10-11 10:49:55 UTC
176,15,female,-1,2019-10-11 10:50:29 UTC
187,15,female,-1,2019-10-11 10:50:42 UTC
177,15,female,-1,2019-10-11 10:50:50 UTC
252,15,female,1,2019-10-11 10:51:00 UTC
256,15,female,-1,2019-10-11 10:51:04 UTC
271,15,female,1,2019-10-11 10:51:17 UTC
251,4,male,1,2019-10-11 11:17:34 UTC
221,4,male,-1,2019-10-11 11:17:45 UTC
167,4,male,-1,2019-10-11 11:18:11 UTC
161,4,male,-1,2019-10-11 11:18:31 UTC
263,4,male,1,2019-10-11 11:20:38 UTC
248,4,male,1,2019-10-11 11:22:03 UTC
185,4,male,1,2019-10-11 11:22:34 UTC
270,4,male,1,2019-10-11 11:23:56 UTC
173,4,male,1,2019-10-11 11:24:55 UTC
237,4,male,-1,2019-10-11 11:25:41 UTC
264,14,female,-1,2019-10-12 16:03:59 UTC
166,14,female,-1,2019-10-12 16:04:05 UTC
108,14,female,-1,2019-10-12 16:04:45 UTC
190,14,female,1,2019-10-12 16:06:40 UTC
184,14,female,1,2019-10-12 16:09:02 UTC
216,14,female,-1,2019-10-12 16:10:33 UTC
181,14,female,1,2019-10-12 16:11:56 UTC
169,14,female,1,2019-10-12 16:12:47 UTC
150,14,female,-1,2019-10-12 16:14:01 UTC
246,14,female,1,2019-10-12 16:15:04 UTC
121,14,female,-10,2019-10-12 16:15:25 UTC
212,14,female,-1,2019-10-12 16:33:18 UTC
248,14,female,-1,2019-10-12 16:33:49 UTC
153,14,female,1,2019-10-12 16:35:14 UTC
208,14,female,1,2019-10-12 16:36:09 UTC
122,14,female,-10,2019-10-12 16:36:28 UTC
185,14,female,-1,2019-10-12 16:36:59 UTC
229,14,female,-1,2019-10-12 16:37:54 UTC
111,14,female,-1,2019-10-12 16:38:55 UTC
167,14,female,-1,2019-10-12 16:39:02 UTC
188,14,female,1,2019-10-12 16:40:01 UTC
276,14,female,-1,2019-10-12 16:43:11 UTC
189,14,female,-1,2019-10-12 16:44:42 UTC
230,14,female,-1,2019-10-12 16:45:16 UTC
262,14,female,1,2019-10-12 16:45:53 UTC
152,14,female,-10,2019-10-12 16:46:16 UTC
142,14,female,1,2019-10-12 16:47:24 UTC
205,14,female,-1,2019-10-12 16:47:41 UTC
174,14,female,-10,2019-10-12 16:48:01 UTC
195,14,female,-1,2019-10-12 16:48:22 UTC
239,14,female,-1,2019-10-12 16:48:33 UTC
137,14,female,-1,2019-10-12 16:49:37 UTC
203,14,female,-1,2019-10-12 16:50:13 UTC
268,14,female,-1,2019-10-12 16:50:34 UTC
160,14,female,1,2019-10-12 16:51:02 UTC
133,14,female,1,2019-10-12 16:52:09 UTC
175,14,female,-1,2019-10-12 16:52:39 UTC
250,14,female,1,2019-10-12 16:53:12 UTC
258,14,female,1,2019-10-12 16:54:33 UTC
168,25,male,-1,2019-10-12 18:05:21 UTC
222,25,male,-1,2019-10-12 18:06:11 UTC
215,25,male,-1,2019-10-12 18:06:26 UTC
193,25,male,1,2019-10-12 18:09:09 UTC
237,25,male,-1,2019-10-12 18:10:24 UTC
239,25,male,-1,2019-10-12 18:10:41 UTC
248,25,male,-1,2019-10-12 18:11:34 UTC
212,25,male,-1,2019-10-12 18:12:50 UTC
108,25,male,1,2019-10-12 18:14:43 UTC
242,25,male,1,2019-10-12 18:18:21 UTC
184,25,male,1,2019-10-12 18:20:27 UTC
240,25,male,1,2019-10-12 18:22:05 UTC
243,25,male,-10,2019-10-12 18:22:24 UTC
186,25,male,1,2019-10-12 18:24:07 UTC
147,25,male,1,2019-10-12 18:26:32 UTC
218,25,male,1,2019-10-12 18:28:55 UTC
253,25,male,-1,2019-10-12 18:29:58 UTC
162,25,male,-1,2019-10-12 18:30:29 UTC
140,25,male,-1,2019-10-12 18:31:01 UTC
144,25,male,-1,2019-10-12 18:31:37 UTC
165,25,male,1,2019-10-12 18:32:30 UTC
262,25,male,1,2019-10-12 18:33:54 UTC
224,25,male,-1,2019-10-12 18:34:42 UTC
260,25,male,-1,2019-10-12 18:35:02 UTC
216,25,male,-1,2019-10-12 18:35:33 UTC
235,25,male,1,2019-10-12 18:36:58 UTC
131,25,male,-1,2019-10-12 18:37:31 UTC
209,25,male,1,2019-10-12 18:38:07 UTC
256,25,male,-1,2019-10-12 18:38:10 UTC
150,25,male,-1,2019-10-12 18:38:51 UTC
178,25,male,-1,2019-10-12 18:39:08 UTC
191,25,male,-1,2019-10-12 18:39:43 UTC
226,25,male,1,2019-10-12 18:40:32 UTC
251,25,male,-1,2019-10-12 18:40:51 UTC
273,25,male,-1,2019-10-12 18:41:07 UTC
225,25,male,-1,2019-10-12 18:41:22 UTC
270,25,male,1,2019-10-12 18:41:49 UTC
188,25,male,1,2019-10-12 18:42:51 UTC
142,25,male,1,2019-10-12 18:43:46 UTC
128,25,male,-1,2019-10-12 18:44:12 UTC
234,14,female,1,2019-10-13 13:26:27 UTC
196,14,female,1,2019-10-13 13:27:29 UTC
155,14,female,1,2019-10-13 13:28:32 UTC
251,14,female,-1,2019-10-13 13:29:28 UTC
265,14,female,1,2019-10-13 13:32:36 UTC
253,14,female,1,2019-10-13 13:32:55 UTC
134,14,female,-1,2019-10-13 13:33:14 UTC
192,14,female,-1,2019-10-13 13:34:36 UTC
266,14,female,1,2019-10-13 13:35:17 UTC
112,14,female,-1,2019-10-13 13:36:10 UTC
274,14,female,1,2019-10-13 13:44:21 UTC
201,14,female,1,2019-10-13 13:54:37 UTC
247,14,female,1,2019-10-13 14:00:14 UTC
215,14,female,-10,2019-10-13 14:00:32 UTC
277,14,female,-1,2019-10-13 14:05:13 UTC
172,14,female,-1,2019-10-13 14:08:20 UTC
219,14,female,-1,2019-10-13 14:10:24 UTC
272,14,female,1,2019-10-13 14:11:25 UTC
113,14,female,1,2019-10-13 14:13:44 UTC
141,21,male,-1,2019-10-14 03:15:16 UTC
224,4,male,1,2019-10-14 03:15:43 UTC
264,21,male,-1,2019-10-14 03:15:55 UTC
254,21,male,-1,2019-10-14 03:16:19 UTC
192,4,male,-1,2019-10-14 03:16:54 UTC
107,21,male,1,2019-10-14 03:17:16 UTC
124,21,male,-1,2019-10-14 03:17:31 UTC
147,21,male,1,2019-10-14 03:18:58 UTC
151,21,male,1,2019-10-14 03:19:11 UTC
208,21,male,1,2019-10-14 03:19:30 UTC
190,4,male,1,2019-10-14 03:19:53 UTC
123,4,male,1,2019-10-14 03:20:55 UTC
180,4,male,1,2019-10-14 03:22:34 UTC
279,4,male,1,2019-10-14 03:24:22 UTC
205,4,male,-1,2019-10-14 03:24:57 UTC
135,4,male,1,2019-10-14 03:27:54 UTC
217,4,male,-1,2019-10-14 03:29:48 UTC
275,4,male,1,2019-10-14 03:31:22 UTC
125,4,male,-10,2019-10-14 03:31:54 UTC
274,4,male,1,2019-10-14 03:35:36 UTC
168,4,male,-1,2019-10-14 03:37:01 UTC
246,4,male,1,2019-10-14 03:38:59 UTC
182,4,male,1,2019-10-14 03:39:46 UTC
144,4,male,-1,2019-10-14 03:40:57 UTC
122,4,male,-10,2019-10-14 03:41:05 UTC
150,4,male,-1,2019-10-14 03:43:11 UTC
211,4,male,-1,2019-10-14 03:43:59 UTC
136,4,male,1,2019-10-14 03:44:43 UTC
269,4,male,-1,2019-10-14 03:51:35 UTC
155,4,male,1,2019-10-14 03:56:09 UTC
278,4,male,1,2019-10-14 03:57:40 UTC
273,4,male,-1,2019-10-14 03:59:13 UTC
268,4,male,-1,2019-10-14 04:01:18 UTC
206,4,male,-1,2019-10-14 04:04:13 UTC
175,4,male,1,2019-10-14 04:05:31 UTC
266,4,male,1,2019-10-14 04:06:59 UTC
118,4,male,1,2019-10-14 04:09:44 UTC
126,4,male,-1,2019-10-14 04:10:15 UTC
160,4,male,1,2019-10-14 04:12:50 UTC
111,4,male,1,2019-10-14 04:17:11 UTC
199,4,male,1,2019-10-14 04:20:19 UTC
183,4,male,1,2019-10-14 04:24:37 UTC
259,4,male,1,2019-10-14 04:27:02 UTC
198,4,male,-1,2019-10-14 04:27:15 UTC
201,4,male,1,2019-10-14 05:07:02 UTC
105,4,male,1,2019-10-14 05:08:44 UTC
120,4,male,1,2019-10-14 05:10:21 UTC
202,4,male,1,2019-10-14 05:11:19 UTC
119,4,male,1,2019-10-14 05:19:22 UTC
232,4,male,-1,2019-10-14 05:20:16 UTC
222,4,male,-1,2019-10-14 05:21:57 UTC
116,4,male,-1,2019-10-14 05:22:53 UTC
258,4,male,1,2019-10-14 05:25:48 UTC
181,4,male,1,2019-10-14 05:27:07 UTC
218,4,male,1,2019-10-14 05:32:57 UTC
108,4,male,1,2019-10-14 05:34:36 UTC
203,4,male,-1,2019-10-14 05:35:51 UTC
166,4,male,-1,2019-10-14 05:36:40 UTC
147,19,male,1,2019-10-14 09:53:19 UTC
162,19,male,-1,2019-10-14 09:53:44 UTC
204,19,male,-1,2019-10-14 09:54:20 UTC
172,19,male,-1,2019-10-14 09:54:58 UTC
255,4,male,1,2019-10-14 14:48:43 UTC
214,4,male,1,2019-10-14 14:56:28 UTC
169,4,male,1,2019-10-14 15:00:06 UTC
227,4,male,-1,2019-10-14 15:01:21 UTC
133,4,male,1,2019-10-14 15:03:04 UTC
235,4,male,1,2019-10-14 15:25:09 UTC
163,4,male,-1,2019-10-14 15:26:08 UTC
109,4,male,1,2019-10-14 15:27:59 UTC
130,4,male,-1,2019-10-14 15:28:09 UTC
159,4,male,1,2019-10-14 15:29:30 UTC
250,4,male,1,2019-10-14 15:31:26 UTC
240,4,male,-1,2019-10-14 15:32:03 UTC
254,4,male,-1,2019-10-14 15:32:21 UTC
112,4,male,-1,2019-10-14 15:33:53 UTC
241,4,male,-1,2019-10-14 15:35:32 UTC
106,4,male,1,2019-10-14 15:36:21 UTC
261,4,male,1,2019-10-14 15:37:10 UTC
171,4,male,1,2019-10-14 15:39:11 UTC
141,4,male,-1,2019-10-14 15:40:05 UTC
142,4,male,1,2019-10-14 15:42:27 UTC
285,4,male,1,2019-10-14 15:44:24 UTC
236,4,male,1,2019-10-14 16:38:25 UTC
127,4,male,-1,2019-10-14 16:38:56 UTC
197,4,male,1,2019-10-14 16:39:52 UTC
204,4,male,1,2019-10-14 16:41:12 UTC
227,15,female,-1,2019-10-14 17:36:37 UTC
189,15,female,1,2019-10-14 17:36:46 UTC
250,15,female,1,2019-10-14 17:36:53 UTC
285,15,female,1,2019-10-14 17:37:25 UTC
142,15,female,1,2019-10-14 17:37:39 UTC
201,15,female,1,2019-10-14 17:37:54 UTC
107,15,female,-1,2019-10-14 17:38:11 UTC
192,15,female,-1,2019-10-14 17:38:37 UTC
208,15,female,1,2019-10-14 17:38:49 UTC
138,15,female,1,2019-10-14 17:39:07 UTC
258,15,female,1,2019-10-14 17:39:20 UTC
188,15,female,1,2019-10-14 17:39:39 UTC
232,15,female,1,2019-10-14 17:39:48 UTC
182,15,female,1,2019-10-14 17:40:07 UTC
119,15,female,1,2019-10-14 17:40:17 UTC
128,4,male,-10,2019-10-14 19:16:32 UTC
225,4,male,1,2019-10-14 19:17:35 UTC
113,4,male,1,2019-10-14 19:18:04 UTC
234,4,male,-1,2019-10-14 19:20:14 UTC
156,4,male,1,2019-10-14 19:23:33 UTC
187,4,male,1,2019-10-14 19:24:30 UTC
231,4,male,1,2019-10-14 19:28:51 UTC
184,4,male,1,2019-10-14 19:30:07 UTC
170,4,male,-1,2019-10-14 19:31:53 UTC
143,4,male,-1,2019-10-14 19:33:06 UTC
287,4,male,-1,2019-10-14 19:34:24 UTC
107,4,male,1,2019-10-14 19:35:13 UTC
196,4,male,-1,2019-10-14 19:36:00 UTC
114,4,male,1,2019-10-14 19:37:16 UTC
291,4,male,1,2019-10-14 19:37:47 UTC
252,4,male,1,2019-10-14 21:13:04 UTC
296,4,male,1,2019-10-14 21:15:14 UTC
209,4,male,-1,2019-10-14 21:16:28 UTC
243,4,male,1,2019-10-14 21:16:44 UTC
134,4,male,-10,2019-10-14 21:17:11 UTC
302,4,male,1,2019-10-15 03:48:12 UTC
282,4,male,1,2019-10-15 03:55:49 UTC
186,4,male,1,2019-10-15 04:09:41 UTC
158,4,male,1,2019-10-15 04:10:17 UTC
149,4,male,1,2019-10-15 04:10:52 UTC
200,4,male,1,2019-10-15 04:12:15 UTC
207,4,male,1,2019-10-15 04:14:20 UTC
267,4,male,1,2019-10-15 04:16:24 UTC
212,4,male,-1,2019-10-15 04:17:07 UTC
226,4,male,1,2019-10-15 04:17:58 UTC
242,4,male,1,2019-10-15 04:18:13 UTC
176,4,male,-1,2019-10-15 04:20:43 UTC
216,4,male,-1,2019-10-15 04:22:41 UTC
247,4,male,1,2019-10-15 04:23:37 UTC
220,4,male,1,2019-10-15 04:25:54 UTC
177,4,male,-1,2019-10-15 04:26:20 UTC
289,4,male,-1,2019-10-15 04:26:24 UTC
230,4,male,-1,2019-10-15 04:27:31 UTC
253,4,male,1,2019-10-15 04:27:46 UTC
165,4,male,1,2019-10-15 04:28:42 UTC
280,4,male,1,2019-10-15 04:59:45 UTC
157,4,male,-1,2019-10-15 05:00:27 UTC
219,4,male,-1,2019-10-15 05:01:08 UTC
264,4,male,-1,2019-10-15 05:01:38 UTC
290,4,male,1,2019-10-15 05:02:05 UTC
145,4,male,1,2019-10-15 05:03:10 UTC
189,4,male,1,2019-10-15 05:07:02 UTC
239,4,male,-10,2019-10-15 05:07:17 UTC
188,4,male,1,2019-10-15 05:14:43 UTC
281,4,male,1,2019-10-15 05:17:56 UTC
298,4,male,1,2019-10-15 05:26:49 UTC
154,4,male,1,2019-10-15 05:27:49 UTC
110,4,male,1,2019-10-15 05:28:48 UTC
303,4,male,1,2019-10-15 05:30:55 UTC
140,4,male,1,2019-10-15 05:33:37 UTC
238,4,male,-1,2019-10-15 05:55:33 UTC
153,4,male,1,2019-10-15 05:58:16 UTC
179,4,male,-1,2019-10-15 05:58:48 UTC
276,4,male,-1,2019-10-15 05:59:57 UTC
293,4,male,1,2019-10-15 06:00:42 UTC
286,4,male,1,2019-10-15 14:40:08 UTC
223,4,male,-1,2019-10-15 14:42:20 UTC
307,4,male,1,2019-10-15 14:44:24 UTC
249,4,male,-1,2019-10-15 14:44:37 UTC
292,4,male,-1,2019-10-15 14:49:07 UTC
195,4,male,1,2019-10-15 14:50:22 UTC
131,4,male,-1,2019-10-15 14:50:56 UTC
295,4,male,-1,2019-10-15 14:52:00 UTC
191,4,male,-1,2019-10-15 14:53:06 UTC
300,4,male,1,2019-10-15 14:55:39 UTC
208,4,male,1,2019-10-15 14:55:48 UTC
301,4,male,1,2019-10-15 14:56:56 UTC
262,4,male,1,2019-10-15 15:00:56 UTC
215,4,male,-1,2019-10-15 15:01:09 UTC
117,4,male,1,2019-10-15 15:08:03 UTC
228,4,male,1,2019-10-15 15:27:12 UTC
194,4,male,-1,2019-10-15 15:27:28 UTC
138,4,male,-1,2019-10-15 15:29:22 UTC
137,4,male,1,2019-10-15 15:31:08 UTC
294,4,male,1,2019-10-15 15:32:51 UTC
193,4,male,-1,2019-10-15 21:33:51 UTC
309,4,male,1,2019-10-15 21:38:53 UTC
129,4,male,-1,2019-10-15 21:40:57 UTC
308,4,male,-1,2019-10-15 21:42:37 UTC
148,4,male,1,2019-10-15 21:44:04 UTC
256,4,male,-1,2019-10-15 21:44:10 UTC
174,4,male,-1,2019-10-15 21:44:35 UTC
121,4,male,-10,2019-10-16 04:09:35 UTC
283,4,male,1,2019-10-16 04:11:19 UTC
245,4,male,1,2019-10-16 04:12:16 UTC
277,4,male,-1,2019-10-16 04:13:22 UTC
213,4,male,1,2019-10-16 04:16:53 UTC
310,4,male,-1,2019-10-16 04:19:30 UTC
152,4,male,-1,2019-10-16 04:21:44 UTC
272,4,male,-1,2019-10-16 04:22:23 UTC
306,4,male,1,2019-10-16 04:23:45 UTC
288,4,male,1,2019-10-16 04:26:36 UTC
257,4,male,1,2019-10-16 04:27:29 UTC
305,4,male,1,2019-10-16 04:29:18 UTC
284,4,male,-1,2019-10-16 04:30:54 UTC
299,4,male,1,2019-10-16 04:34:28 UTC
124,4,male,-1,2019-10-16 04:35:14 UTC
210,4,male,1,2019-10-16 04:35:47 UTC
314,4,male,1,2019-10-16 04:37:16 UTC
312,4,male,1,2019-10-16 04:38:44 UTC
172,4,male,-1,2019-10-16 04:40:06 UTC
151,4,male,1,2019-10-16 04:42:44 UTC
304,4,male,1,2019-10-16 04:43:29 UTC
147,4,male,1,2019-10-16 05:00:55 UTC
233,4,male,1,2019-10-16 05:04:06 UTC
271,4,male,1,2019-10-16 05:04:47 UTC
162,4,male,-1,2019-10-16 05:05:17 UTC
311,4,male,1,2019-10-16 05:05:49 UTC
260,4,male,1,2019-10-16 05:08:22 UTC
313,4,male,1,2019-10-16 05:08:44 UTC
139,4,male,1,2019-10-16 05:13:06 UTC
164,4,male,-1,2019-10-16 05:13:42 UTC
115,4,male,-1,2019-10-16 05:16:37 UTC
178,4,male,-1,2019-10-16 05:18:06 UTC
229,4,male,1,2019-10-16 05:20:04 UTC
297,4,male,-1,2019-10-16 05:34:53 UTC
146,4,male,-1,2019-10-16 05:56:19 UTC
244,4,male,-10,2019-10-16 05:56:47 UTC
132,4,male,1,2019-10-16 05:57:14 UTC
265,4,male,-1,2019-10-16 05:58:29 UTC
255,25,male,1,2019-10-16 06:46:48 UTC
170,25,male,-1,2019-10-16 06:48:44 UTC
205,25,male,1,2019-10-16 06:49:08 UTC
263,25,male,1,2019-10-16 07:08:14 UTC
217,25,male,1,2019-10-16 07:13:51 UTC
245,25,male,1,2019-10-16 07:17:31 UTC
299,25,male,-1,2019-10-16 07:22:40 UTC
190,25,male,1,2019-10-16 07:26:50 UTC
169,25,male,1,2019-10-16 07:29:27 UTC
148,25,male,-1,2019-10-16 07:31:38 UTC
132,25,male,1,2019-10-16 07:32:48 UTC
174,25,male,-1,2019-10-16 07:33:50 UTC
278,25,male,-1,2019-10-16 07:35:02 UTC
312,25,male,1,2019-10-16 07:37:28 UTC
257,25,male,1,2019-10-16 07:39:37 UTC
208,25,male,-1,2019-10-16 07:40:58 UTC
107,25,male,-1,2019-10-16 07:41:35 UTC
115,25,male,-1,2019-10-16 07:41:48 UTC
315,4,male,1,2019-10-16 14:50:58 UTC
316,4,male,1,2019-10-16 14:51:46 UTC
317,4,male,-1,2019-10-17 04:11:55 UTC
263,20,female,1,2019-10-17 07:36:23 UTC
121,20,female,-1,2019-10-17 07:36:38 UTC
296,20,female,1,2019-10-17 07:38:27 UTC
242,20,female,1,2019-10-17 07:40:11 UTC
122,20,female,-1,2019-10-17 07:40:18 UTC
105,20,female,1,2019-10-17 07:41:59 UTC
273,20,female,1,2019-10-17 07:42:47 UTC
309,20,female,1,2019-10-17 07:44:17 UTC
204,20,female,-1,2019-10-17 07:45:05 UTC
233,20,female,1,2019-10-17 07:46:51 UTC
146,20,female,-1,2019-10-17 07:48:20 UTC
283,20,female,-1,2019-10-17 07:49:13 UTC
284,20,female,-1,2019-10-17 07:51:58 UTC
118,20,female,1,2019-10-17 07:53:56 UTC
240,20,female,-1,2019-10-17 07:54:50 UTC
185,20,female,-1,2019-10-17 07:55:20 UTC
266,20,female,-1,2019-10-17 07:56:35 UTC
277,20,female,-1,2019-10-17 07:57:25 UTC
137,20,female,-1,2019-10-17 07:58:26 UTC
164,20,female,-1,2019-10-17 07:58:46 UTC
258,20,female,1,2019-10-17 08:00:43 UTC
109,20,female,-1,2019-10-17 08:02:35 UTC
294,20,female,1,2019-10-17 08:06:22 UTC
170,20,female,1,2019-10-17 08:08:45 UTC
167,20,female,-1,2019-10-17 08:09:02 UTC
117,20,female,-1,2019-10-17 10:38:09 UTC
161,20,female,-1,2019-10-17 10:41:14 UTC
184,20,female,1,2019-10-17 10:44:15 UTC
162,20,female,-1,2019-10-17 10:46:51 UTC
142,20,female,1,2019-10-17 10:49:56 UTC
216,20,female,-1,2019-10-17 10:53:32 UTC
288,20,female,-1,2019-10-17 10:54:09 UTC
317,20,female,-1,2019-10-17 10:55:20 UTC
127,20,female,-1,2019-10-17 10:57:51 UTC
128,20,female,-1,2019-10-17 10:58:16 UTC
236,20,female,-1,2019-10-17 11:01:59 UTC
271,20,female,1,2019-10-17 11:05:40 UTC
222,20,female,1,2019-10-17 11:07:46 UTC
219,20,female,-1,2019-10-17 11:08:03 UTC
231,20,female,1,2019-10-17 11:11:44 UTC
154,20,female,1,2019-10-17 11:14:26 UTC
110,20,female,1,2019-10-17 11:17:19 UTC
270,20,female,1,2019-10-17 11:18:49 UTC
199,20,female,-1,2019-10-17 11:20:26 UTC
218,20,female,1,2019-10-17 11:24:26 UTC
202,16,female,1,2019-10-17 20:50:20 UTC
148,16,female,-1,2019-10-17 20:50:32 UTC
113,16,female,-1,2019-10-17 20:52:10 UTC
264,16,female,1,2019-10-17 20:52:46 UTC
316,16,female,-1,2019-10-17 20:53:00 UTC
199,16,female,1,2019-10-17 20:53:54 UTC
301,16,female,-1,2019-10-17 20:54:39 UTC
192,16,female,-1,2019-10-17 20:54:54 UTC
225,16,female,-1,2019-10-17 20:56:22 UTC
146,16,female,1,2019-10-17 20:56:41 UTC
128,16,female,1,2019-10-17 20:57:12 UTC
178,16,female,-1,2019-10-17 20:57:20 UTC
160,16,female,1,2019-10-17 20:57:50 UTC
207,16,female,-1,2019-10-17 20:58:10 UTC
272,16,female,1,2019-10-17 20:58:36 UTC
141,16,female,-1,2019-10-17 20:59:06 UTC
157,19,male,-1,2019-10-17 21:20:04 UTC
228,19,male,1,2019-10-17 21:21:00 UTC
270,19,male,1,2019-10-17 21:21:30 UTC
173,15,female,-1,2019-10-19 08:36:48 UTC
277,15,female,-1,2019-10-19 08:37:15 UTC
218,15,female,1,2019-10-19 08:37:38 UTC
143,15,female,-1,2019-10-19 08:37:53 UTC
157,15,female,-1,2019-10-19 08:38:13 UTC
270,15,female,1,2019-10-19 08:40:09 UTC
117,15,female,-1,2019-10-19 08:40:21 UTC
255,15,female,-1,2019-10-19 08:41:01 UTC
207,15,female,-1,2019-10-19 08:41:55 UTC
319,15,female,-1,2019-10-19 08:42:37 UTC
287,15,female,-1,2019-10-19 08:42:59 UTC
306,15,female,-1,2019-10-19 08:43:07 UTC
178,15,female,-1,2019-10-19 08:43:20 UTC
124,15,female,1,2019-10-19 08:43:29 UTC
319,4,male,-10,2019-10-19 20:13:27 UTC
318,4,male,1,2019-10-19 20:14:19 UTC
298,15,female,1,2019-10-20 10:40:05 UTC
217,15,female,-1,2019-10-20 10:40:39 UTC
317,15,female,-1,2019-10-20 10:41:24 UTC
110,15,female,1,2019-10-20 10:41:41 UTC
121,15,female,-1,2019-10-20 10:41:47 UTC
109,15,female,1,2019-10-20 10:41:58 UTC
122,15,female,-1,2019-10-20 10:42:12 UTC
276,15,female,-1,2019-10-20 10:42:24 UTC
320,4,male,-1,2019-10-22 14:11:35 UTC
283,12,male,-1,2019-10-22 21:29:50 UTC
128,12,male,1,2019-10-22 21:30:48 UTC
183,12,male,-1,2019-10-22 21:30:57 UTC
153,12,male,1,2019-10-22 21:31:41 UTC
200,12,male,-1,2019-10-22 21:31:54 UTC
160,12,male,-1,2019-10-22 21:32:58 UTC
172,12,male,-1,2019-10-22 21:33:18 UTC
271,12,male,1,2019-10-22 21:34:15 UTC
247,12,male,-1,2019-10-22 21:35:00 UTC
254,12,male,-1,2019-10-22 21:38:35 UTC
173,12,male,-1,2019-10-22 21:38:46 UTC
313,12,male,-1,2019-10-22 21:39:02 UTC
132,12,male,-1,2019-10-22 21:39:09 UTC
207,12,male,-1,2019-10-22 21:39:35 UTC
263,12,male,-1,2019-10-22 21:43:03 UTC
244,12,male,-1,2019-10-22 21:43:22 UTC
245,12,male,-1,2019-10-22 21:43:40 UTC
279,12,male,-1,2019-10-22 21:43:46 UTC
202,12,male,-1,2019-10-22 21:48:10 UTC
242,12,male,-1,2019-10-22 21:48:16 UTC
152,12,male,-1,2019-10-22 21:48:27 UTC
222,12,male,-1,2019-10-22 21:48:58 UTC
168,12,male,-1,2019-10-22 21:49:10 UTC
262,12,male,-1,2019-10-22 21:49:27 UTC
295,12,male,-1,2019-10-22 21:50:31 UTC
164,12,male,-1,2019-10-22 21:50:57 UTC
311,12,male,1,2019-10-22 21:52:02 UTC
259,12,male,-1,2019-10-22 21:52:27 UTC
151,12,male,1,2019-10-22 21:53:54 UTC
250,12,male,-1,2019-10-22 21:54:02 UTC
144,12,male,-1,2019-10-22 21:54:29 UTC
140,12,male,-1,2019-10-22 21:54:47 UTC
266,12,male,-1,2019-10-22 21:56:21 UTC
175,12,male,-1,2019-10-22 21:56:26 UTC
276,12,male,-1,2019-10-22 21:56:46 UTC
194,12,male,-1,2019-10-22 21:58:09 UTC
150,12,male,-1,2019-10-22 21:58:31 UTC
316,12,male,-1,2019-10-22 21:58:53 UTC
278,12,male,-1,2019-10-22 21:59:00 UTC
287,12,male,-1,2019-10-22 21:59:08 UTC
179,12,male,-1,2019-10-22 21:59:59 UTC
178,12,male,-1,2019-10-22 22:00:09 UTC
111,12,male,-1,2019-10-22 22:01:30 UTC
165,12,male,-1,2019-10-22 22:02:14 UTC
139,12,male,-1,2019-10-22 22:02:20 UTC
148,12,male,-1,2019-10-22 22:02:31 UTC
154,12,male,-1,2019-10-22 22:03:18 UTC
264,12,male,-1,2019-10-22 22:03:36 UTC
187,12,male,-1,2019-10-22 22:03:44 UTC
135,12,male,-1,2019-10-22 22:03:59 UTC
282,12,male,-1,2019-10-22 22:04:09 UTC
182,12,male,1,2019-10-22 22:04:42 UTC
274,12,male,1,2019-10-22 22:05:38 UTC
210,12,male,-1,2019-10-22 22:07:14 UTC
261,12,male,-1,2019-10-22 22:07:34 UTC
312,12,male,1,2019-10-22 22:08:20 UTC
211,12,male,-1,2019-10-22 22:08:30 UTC
198,12,male,-1,2019-10-22 22:08:34 UTC
201,12,male,1,2019-10-22 22:08:56 UTC
257,12,male,-1,2019-10-22 22:09:19 UTC
205,12,male,1,2019-10-22 22:09:33 UTC
307,12,male,-1,2019-10-22 22:09:43 UTC
271,17,female,1,2019-10-23 11:36:35 UTC
321,4,male,1,2019-10-23 16:34:52 UTC
284,17,female,1,2019-10-24 09:01:58 UTC
207,17,female,1,2019-10-24 09:06:52 UTC
148,15,female,-1,2019-10-24 15:30:31 UTC
112,15,female,-1,2019-10-24 15:30:39 UTC
130,15,female,-1,2019-10-24 15:30:47 UTC
279,15,female,-1,2019-10-24 15:31:15 UTC
307,15,female,1,2019-10-24 15:31:30 UTC
210,15,female,1,2019-10-25 09:49:38 UTC
304,15,female,1,2019-10-25 09:49:54 UTC
220,15,female,-1,2019-10-25 09:50:01 UTC
158,15,female,1,2019-10-25 09:50:17 UTC
150,15,female,-1,2019-10-25 09:51:44 UTC
180,15,female,-1,2019-10-25 09:52:31 UTC
194,15,female,-1,2019-10-25 09:52:46 UTC
231,15,female,1,2019-10-25 09:52:50 UTC
311,25,male,-10,2019-10-25 12:56:23 UTC
322,4,male,1,2019-10-25 15:09:35 UTC
324,4,male,1,2019-10-25 15:14:18 UTC
323,4,male,1,2019-10-25 15:14:20 UTC
289,23,male,-10,2019-10-26 17:31:27 UTC
277,23,male,-1,2019-10-26 17:36:02 UTC
320,23,male,1,2019-10-26 17:36:22 UTC
123,23,male,-1,2019-10-26 17:37:06 UTC
253,23,male,1,2019-10-26 17:37:14 UTC
237,23,male,-1,2019-10-26 17:38:03 UTC
235,23,male,-1,2019-10-26 17:39:05 UTC
210,23,male,1,2019-10-26 17:39:35 UTC
254,23,male,-1,2019-10-26 17:39:49 UTC
189,23,male,-1,2019-10-26 17:40:32 UTC
301,23,male,1,2019-10-26 17:41:46 UTC
149,23,male,-1,2019-10-26 17:42:18 UTC
118,23,male,1,2019-10-26 17:43:47 UTC
178,23,male,-1,2019-10-26 17:44:16 UTC
311,23,male,1,2019-10-26 17:45:30 UTC
121,23,male,-10,2019-10-26 17:45:55 UTC
244,23,male,-1,2019-10-26 17:46:29 UTC
203,23,male,-1,2019-10-26 17:46:55 UTC
313,23,male,-1,2019-10-26 17:47:40 UTC
262,23,male,1,2019-10-26 17:49:37 UTC
245,23,male,1,2019-10-26 17:51:12 UTC
293,23,male,1,2019-10-26 17:52:05 UTC
238,23,male,-1,2019-10-26 17:52:59 UTC
120,23,male,1,2019-10-26 17:54:14 UTC
207,23,male,1,2019-10-26 17:54:48 UTC
302,23,male,-1,2019-10-26 17:56:11 UTC
146,23,male,-10,2019-10-26 17:56:50 UTC
113,23,male,1,2019-10-26 17:57:20 UTC
192,23,male,-10,2019-10-26 17:57:50 UTC
242,23,male,-1,2019-10-26 17:59:14 UTC
145,23,male,-1,2019-10-26 18:00:33 UTC
150,23,male,1,2019-10-26 18:01:45 UTC
142,23,male,-1,2019-10-26 18:02:27 UTC
300,23,male,-1,2019-10-26 18:03:14 UTC
151,23,male,1,2019-10-26 18:04:15 UTC
126,23,male,-1,2019-10-26 18:05:08 UTC
310,23,male,-1,2019-10-26 18:05:31 UTC
292,23,male,-1,2019-10-26 18:06:20 UTC
186,23,male,1,2019-10-26 18:07:05 UTC
295,23,male,-1,2019-10-26 18:07:44 UTC
193,23,male,-1,2019-10-26 18:08:30 UTC
230,23,male,-1,2019-10-26 18:08:54 UTC
269,23,male,-1,2019-10-26 18:09:09 UTC
250,23,male,-1,2019-10-26 18:09:46 UTC
211,23,male,-1,2019-10-26 18:10:11 UTC
273,23,male,-1,2019-10-26 18:10:35 UTC
182,23,male,1,2019-10-26 18:11:36 UTC
147,23,male,-1,2019-10-26 18:12:25 UTC
231,23,male,1,2019-10-26 18:14:04 UTC
306,23,male,-1,2019-10-26 18:14:47 UTC
184,23,male,1,2019-10-26 18:16:10 UTC
180,23,male,-1,2019-10-26 18:16:34 UTC
291,23,male,-1,2019-10-26 18:17:15 UTC
265,23,male,-1,2019-10-26 18:18:20 UTC
199,23,male,-1,2019-10-26 18:19:14 UTC
161,23,male,-1,2019-10-26 18:19:56 UTC
167,23,male,-1,2019-10-26 18:20:04 UTC
227,23,male,-1,2019-10-26 18:20:11 UTC
234,23,male,1,2019-10-26 18:21:02 UTC
258,23,male,1,2019-10-26 18:21:42 UTC
284,23,male,-1,2019-10-26 18:27:09 UTC
281,23,male,-1,2019-10-26 18:27:35 UTC
169,23,male,-1,2019-10-26 18:27:59 UTC
317,23,male,-1,2019-10-26 18:28:37 UTC
251,23,male,-1,2019-10-26 18:29:04 UTC
209,23,male,-1,2019-10-26 18:30:31 UTC
160,23,male,-1,2019-10-26 18:30:45 UTC
165,23,male,1,2019-10-26 18:32:22 UTC
216,23,male,-1,2019-10-26 18:37:05 UTC
276,23,male,1,2019-10-26 18:38:15 UTC
124,23,male,-1,2019-10-26 18:39:02 UTC
112,23,male,-1,2019-10-26 18:39:44 UTC
248,23,male,-1,2019-10-26 18:40:08 UTC
172,23,male,-1,2019-10-26 18:41:17 UTC
105,23,male,1,2019-10-26 18:42:10 UTC
247,23,male,-1,2019-10-26 18:42:29 UTC
176,23,male,-1,2019-10-26 18:42:47 UTC
108,23,male,1,2019-10-26 18:45:48 UTC
312,23,male,1,2019-10-26 18:45:49 UTC
261,23,male,1,2019-10-26 18:46:27 UTC
322,23,male,-1,2019-10-26 18:46:54 UTC
200,23,male,-1,2019-10-26 18:47:16 UTC
129,23,male,-1,2019-10-26 18:47:23 UTC
122,23,male,-10,2019-10-26 18:47:30 UTC
239,23,male,-10,2019-10-26 18:47:46 UTC
133,23,male,-1,2019-10-26 18:48:36 UTC
303,23,male,-1,2019-10-26 18:49:09 UTC
204,23,male,-1,2019-10-26 18:50:00 UTC
260,23,male,-1,2019-10-26 18:50:19 UTC
155,23,male,-1,2019-10-26 18:50:53 UTC
190,23,male,1,2019-10-26 18:51:26 UTC
197,23,male,-1,2019-10-26 18:51:45 UTC
217,23,male,-1,2019-10-26 18:52:22 UTC
179,23,male,-1,2019-10-26 18:52:40 UTC
115,23,male,-1,2019-10-26 18:52:56 UTC
296,23,male,-1,2019-10-26 18:53:13 UTC
212,23,male,-10,2019-10-26 18:54:21 UTC
220,23,male,-1,2019-10-26 18:54:54 UTC
187,23,male,-1,2019-10-26 18:55:23 UTC
213,23,male,-1,2019-10-26 18:56:48 UTC
241,23,male,-1,2019-10-26 18:57:23 UTC
287,23,male,-1,2019-10-26 18:57:47 UTC
107,23,male,1,2019-10-26 18:59:48 UTC
153,23,male,-1,2019-10-26 19:01:04 UTC
275,23,male,1,2019-10-26 19:01:20 UTC
162,23,male,-1,2019-10-26 19:01:38 UTC
259,23,male,-1,2019-10-26 19:05:19 UTC
225,23,male,1,2019-10-26 19:05:42 UTC
130,23,male,-1,2019-10-26 19:05:48 UTC
127,23,male,-1,2019-10-26 19:05:59 UTC
308,23,male,-1,2019-10-26 19:06:13 UTC
141,23,male,-1,2019-10-26 19:06:30 UTC
219,23,male,-1,2019-10-26 19:06:46 UTC
229,23,male,-1,2019-10-26 19:07:09 UTC
283,23,male,-1,2019-10-26 19:07:25 UTC
198,23,male,-10,2019-10-26 19:07:37 UTC
252,23,male,-1,2019-10-26 19:40:42 UTC
264,23,male,-1,2019-10-26 19:41:24 UTC
318,23,male,1,2019-10-26 19:42:41 UTC
321,23,male,-1,2019-10-26 19:44:21 UTC
159,23,male,-1,2019-10-26 19:46:25 UTC
323,23,male,-1,2019-10-26 19:47:03 UTC
117,23,male,-1,2019-10-26 19:47:25 UTC
271,23,male,1,2019-10-26 19:49:15 UTC
305,23,male,1,2019-10-26 19:58:55 UTC
163,23,male,-1,2019-10-26 19:59:13 UTC
128,23,male,-10,2019-10-26 20:01:06 UTC
170,23,male,-10,2019-10-26 20:01:38 UTC
138,23,male,-1,2019-10-26 20:02:05 UTC
246,23,male,1,2019-10-26 20:03:22 UTC
272,23,male,-1,2019-10-26 20:04:17 UTC
205,23,male,1,2019-10-26 20:04:42 UTC
137,23,male,-1,2019-10-26 20:05:30 UTC
196,23,male,-1,2019-10-26 20:05:58 UTC
222,23,male,1,2019-10-26 20:06:42 UTC
266,23,male,1,2019-10-26 20:08:10 UTC
109,23,male,1,2019-10-26 20:09:41 UTC
175,23,male,-1,2019-10-26 20:10:21 UTC
177,23,male,-10,2019-10-26 20:10:28 UTC
286,23,male,1,2019-10-26 20:11:23 UTC
157,23,male,-1,2019-10-26 20:11:37 UTC
236,23,male,-1,2019-10-26 20:12:13 UTC
233,23,male,1,2019-10-26 20:13:49 UTC
158,23,male,1,2019-10-26 20:14:49 UTC
144,23,male,-1,2019-10-26 20:15:10 UTC
156,23,male,-1,2019-10-26 20:15:59 UTC
174,23,male,-10,2019-10-26 20:16:31 UTC
226,23,male,1,2019-10-26 20:17:29 UTC
194,23,male,-1,2019-10-26 20:17:45 UTC
324,23,male,-1,2019-10-26 20:18:05 UTC
183,23,male,-1,2019-10-26 20:18:58 UTC
304,23,male,1,2019-10-26 20:19:29 UTC
240,23,male,-1,2019-10-26 20:19:47 UTC
152,23,male,-1,2019-10-26 20:20:26 UTC
140,23,male,1,2019-10-26 20:24:04 UTC
143,23,male,-1,2019-10-26 20:24:25 UTC
232,23,male,-1,2019-10-26 20:25:09 UTC
195,23,male,1,2019-10-26 20:26:00 UTC
154,23,male,-1,2019-10-26 20:26:30 UTC
268,23,male,-1,2019-10-26 20:26:48 UTC
255,23,male,-1,2019-10-26 20:27:04 UTC
257,23,male,1,2019-10-26 20:29:29 UTC
263,23,male,-1,2019-10-26 20:30:20 UTC
299,23,male,1,2019-10-26 20:31:38 UTC
206,23,male,-1,2019-10-26 20:32:15 UTC
208,23,male,1,2019-10-26 20:34:15 UTC
188,23,male,1,2019-10-26 20:34:51 UTC
201,23,male,1,2019-10-26 20:35:08 UTC
285,23,male,1,2019-10-26 20:37:06 UTC
309,23,male,1,2019-10-26 20:37:44 UTC
111,23,male,1,2019-10-26 20:38:39 UTC
168,23,male,-1,2019-10-26 20:38:55 UTC
297,23,male,-10,2019-10-26 20:39:14 UTC
288,23,male,-1,2019-10-26 20:39:44 UTC
181,23,male,-1,2019-10-26 20:40:03 UTC
314,23,male,-1,2019-10-26 20:41:05 UTC
290,23,male,-1,2019-10-26 20:41:13 UTC
139,23,male,-1,2019-10-26 20:41:55 UTC
218,23,male,1,2019-10-26 20:43:38 UTC
166,23,male,-1,2019-10-26 20:43:55 UTC
132,23,male,-1,2019-10-26 20:44:11 UTC
119,23,male,1,2019-10-26 20:45:19 UTC
136,23,male,1,2019-10-26 20:50:38 UTC
214,23,male,1,2019-10-26 20:51:20 UTC
164,23,male,-1,2019-10-26 20:51:37 UTC
298,23,male,1,2019-10-26 20:51:58 UTC
202,23,male,1,2019-10-26 20:52:13 UTC
110,23,male,1,2019-10-26 20:52:55 UTC
274,23,male,1,2019-10-26 20:54:18 UTC
256,23,male,-10,2019-10-26 20:54:23 UTC
279,23,male,1,2019-10-26 20:56:31 UTC
223,23,male,-1,2019-10-26 20:56:54 UTC
116,23,male,-10,2019-10-26 20:57:08 UTC
135,23,male,1,2019-10-26 20:58:01 UTC
325,23,male,-1,2019-10-26 20:58:18 UTC
270,23,male,1,2019-10-26 20:59:01 UTC
278,23,male,-1,2019-10-26 20:59:23 UTC
131,23,male,-1,2019-10-26 20:59:37 UTC
215,23,male,-10,2019-10-26 20:59:46 UTC
106,23,male,1,2019-10-26 21:01:27 UTC
224,23,male,-1,2019-10-26 21:01:49 UTC
148,23,male,-1,2019-10-26 21:05:16 UTC
171,23,male,1,2019-10-26 21:06:00 UTC
185,23,male,-1,2019-10-26 21:06:35 UTC
280,23,male,1,2019-10-26 21:06:52 UTC
267,23,male,1,2019-10-26 21:08:12 UTC
316,23,male,-1,2019-10-26 21:08:24 UTC
307,23,male,-1,2019-10-26 21:08:57 UTC
221,23,male,1,2019-10-26 21:09:26 UTC
294,23,male,-1,2019-10-26 21:10:14 UTC
249,23,male,-1,2019-10-26 21:10:36 UTC
315,23,male,-1,2019-10-26 21:11:07 UTC
114,23,male,-1,2019-10-26 21:11:24 UTC
125,23,male,-1,2019-10-26 21:11:33 UTC
228,23,male,-1,2019-10-26 21:11:57 UTC
134,23,male,-10,2019-10-26 21:12:19 UTC
282,23,male,-1,2019-10-26 21:12:52 UTC
243,23,male,-1,2019-10-26 21:13:11 UTC
173,23,male,-1,2019-10-26 21:13:23 UTC
319,23,male,-10,2019-10-26 21:13:52 UTC
191,23,male,-1,2019-10-26 21:14:35 UTC
180,25,male,1,2019-10-27 20:37:19 UTC
192,25,male,-1,2019-10-27 20:37:44 UTC
134,25,male,-1,2019-10-27 20:38:03 UTC
141,25,male,-1,2019-10-27 20:38:37 UTC
223,25,male,-1,2019-10-27 20:40:15 UTC
183,25,male,1,2019-10-27 20:41:55 UTC
135,25,male,-1,2019-10-27 20:42:53 UTC
319,25,male,-1,2019-10-27 20:42:59 UTC
122,25,male,-1,2019-10-27 20:43:02 UTC
234,25,male,-1,2019-10-27 20:43:38 UTC
304,25,male,1,2019-10-27 20:44:27 UTC
227,25,male,-1,2019-10-27 20:45:52 UTC
230,25,male,-1,2019-10-27 20:46:11 UTC
276,25,male,1,2019-10-27 20:48:04 UTC
213,15,female,-1,2019-10-28 07:28:38 UTC
168,15,female,1,2019-10-28 07:28:53 UTC
325,4,male,1,2019-10-28 09:43:35 UTC
326,4,male,-1,2019-10-28 09:43:56 UTC
131,22,male,-1,2019-10-28 10:15:22 UTC
316,22,male,1,2019-10-28 10:43:25 UTC
326,23,male,-1,2019-10-28 20:15:59 UTC
195,22,male,1,2019-10-29 15:19:11 UTC
248,22,male,-1,2019-10-29 15:19:44 UTC
188,22,male,-1,2019-10-29 15:20:32 UTC
243,22,male,1,2019-10-29 15:21:16 UTC
121,17,female,-10,2019-10-30 10:00:44 UTC
192,17,female,-1,2019-10-30 10:01:14 UTC
187,17,female,-1,2019-10-30 10:02:10 UTC
305,17,female,1,2019-10-30 10:03:09 UTC
136,17,female,-1,2019-10-30 10:03:17 UTC
332,4,male,1,2019-10-30 15:03:50 UTC
333,4,male,-1,2019-10-30 15:04:56 UTC
328,4,male,-1,2019-10-30 15:05:13 UTC
331,4,male,-1,2019-10-30 15:05:32 UTC
329,4,male,-1,2019-10-30 15:05:56 UTC
327,4,male,1,2019-10-30 15:18:59 UTC
330,4,male,1,2019-10-30 15:19:54 UTC
172,22,male,-1,2019-10-30 20:09:03 UTC
214,22,male,1,2019-10-30 20:10:14 UTC
251,22,male,-1,2019-10-30 20:11:02 UTC
260,22,male,1,2019-10-30 20:11:35 UTC
167,24,male,-1,2019-11-01 06:07:27 UTC
191,24,male,-10,2019-11-01 06:13:41 UTC
116,24,male,-10,2019-11-01 06:14:54 UTC
196,24,male,-1,2019-11-01 06:17:07 UTC
295,24,male,-1,2019-11-01 06:19:09 UTC
218,24,male,1,2019-11-01 06:26:28 UTC
308,24,male,-10,2019-11-01 06:31:31 UTC
190,24,male,1,2019-11-01 06:44:15 UTC
279,24,male,1,2019-11-01 06:46:36 UTC
152,24,male,-1,2019-11-01 06:51:49 UTC
299,24,male,-1,2019-11-01 06:58:26 UTC
202,22,male,1,2019-11-01 07:30:34 UTC
299,22,male,1,2019-11-01 07:31:02 UTC
215,22,male,-1,2019-11-01 07:31:39 UTC
292,22,male,-1,2019-11-01 07:32:11 UTC
126,22,male,-1,2019-11-01 07:33:19 UTC
304,22,male,-1,2019-11-01 07:33:54 UTC
125,22,male,-1,2019-11-02 11:08:35 UTC
207,22,male,-1,2019-11-02 11:08:49 UTC
209,22,male,1,2019-11-02 11:14:56 UTC
206,22,male,-1,2019-11-02 11:15:32 UTC
319,22,male,-10,2019-11-02 11:15:53 UTC
112,22,male,-1,2019-11-02 11:16:04 UTC
324,22,male,-1,2019-11-02 11:17:50 UTC
130,22,male,-1,2019-11-02 11:17:54 UTC
229,22,male,-1,2019-11-02 11:18:21 UTC
246,22,male,1,2019-11-02 11:18:48 UTC
335,4,male,1,2019-11-03 09:09:14 UTC
342,4,male,-10,2019-11-03 09:09:17 UTC
337,4,male,1,2019-11-03 09:10:11 UTC
336,4,male,1,2019-11-03 09:10:39 UTC
334,4,male,1,2019-11-03 09:11:20 UTC
340,4,male,1,2019-11-03 09:12:44 UTC
339,4,male,1,2019-11-03 09:14:03 UTC
341,4,male,-1,2019-11-03 09:25:16 UTC
338,4,male,1,2019-11-03 09:26:07 UTC
344,4,male,1,2019-11-04 04:14:12 UTC
343,4,male,1,2019-11-04 04:16:08 UTC
345,4,male,1,2019-11-04 04:17:12 UTC
342,23,male,-10,2019-11-04 13:44:36 UTC
347,4,male,1,2019-11-05 05:25:37 UTC
346,4,male,1,2019-11-05 05:27:09 UTC
200,15,female,-1,2019-11-05 07:39:36 UTC
331,15,female,-1,2019-11-05 07:39:47 UTC
340,15,female,1,2019-11-05 07:40:14 UTC
135,15,female,1,2019-11-05 07:40:44 UTC
128,15,female,-1,2019-11-05 07:41:03 UTC
257,15,female,1,2019-11-05 07:41:09 UTC
281,15,female,-1,2019-11-05 07:41:20 UTC
268,15,female,1,2019-11-05 07:41:28 UTC
274,15,female,-1,2019-11-05 07:42:05 UTC
282,15,female,1,2019-11-05 07:42:14 UTC
145,15,female,-1,2019-11-05 07:42:31 UTC
175,15,female,-1,2019-11-05 07:42:39 UTC
183,15,female,1,2019-11-05 07:42:57 UTC
191,15,female,-1,2019-11-05 07:43:47 UTC
203,15,female,-1,2019-11-05 07:44:01 UTC
283,15,female,-1,2019-11-05 07:49:29 UTC
329,15,female,-1,2019-11-05 07:49:48 UTC
254,15,female,-1,2019-11-05 07:49:53 UTC
147,15,female,-1,2019-11-05 07:50:10 UTC
344,15,female,-1,2019-11-05 07:50:19 UTC
143,12,male,-1,2019-11-05 14:52:01 UTC
298,12,male,-1,2019-11-05 14:52:26 UTC
294,12,male,-1,2019-11-05 14:53:03 UTC
315,12,male,-1,2019-11-05 14:53:30 UTC
206,12,male,-1,2019-11-05 14:53:51 UTC
226,12,male,-1,2019-11-05 14:54:23 UTC
118,12,male,1,2019-11-05 14:57:41 UTC
299,12,male,-1,2019-11-05 14:59:06 UTC
112,16,female,-1,2019-11-05 16:27:39 UTC
328,16,female,1,2019-11-05 16:27:50 UTC
106,16,female,1,2019-11-05 16:27:58 UTC
340,16,female,1,2019-11-05 16:28:41 UTC
250,16,female,1,2019-11-05 16:29:33 UTC
266,16,female,1,2019-11-05 16:34:05 UTC
157,16,female,-1,2019-11-05 16:36:30 UTC
347,16,female,-1,2019-11-05 16:37:08 UTC
175,16,female,-1,2019-11-05 16:37:32 UTC
279,16,female,-1,2019-11-05 16:39:14 UTC
325,16,female,1,2019-11-05 16:41:06 UTC
133,16,female,-1,2019-11-05 16:44:10 UTC
164,16,female,-1,2019-11-05 16:44:18 UTC
201,16,female,-1,2019-11-05 16:44:31 UTC
196,16,female,-1,2019-11-05 16:46:01 UTC
293,16,female,-1,2019-11-05 16:46:21 UTC
213,16,female,1,2019-11-05 16:50:28 UTC
321,16,female,-1,2019-11-05 16:51:29 UTC
314,16,female,1,2019-11-05 16:52:56 UTC
344,16,female,-1,2019-11-05 16:53:41 UTC
211,16,female,-1,2019-11-05 16:54:01 UTC
198,16,female,-1,2019-11-05 16:54:08 UTC
307,16,female,-1,2019-11-05 16:54:19 UTC
136,16,female,-1,2019-11-05 16:54:51 UTC
318,16,female,-1,2019-11-05 16:56:15 UTC
234,16,female,-1,2019-11-05 16:57:32 UTC
182,16,female,1,2019-11-05 17:02:46 UTC
132,16,female,-1,2019-11-05 17:03:06 UTC
151,16,female,-1,2019-11-05 17:06:07 UTC
168,16,female,-1,2019-11-05 17:06:16 UTC
169,15,female,-1,2019-11-05 17:22:49 UTC
171,15,female,1,2019-11-05 17:23:01 UTC
328,15,female,-1,2019-11-05 17:23:22 UTC
316,15,female,-1,2019-11-05 17:23:39 UTC
241,15,female,1,2019-11-05 17:23:52 UTC
120,15,female,1,2019-11-05 17:24:24 UTC
123,15,female,-1,2019-11-05 17:24:47 UTC
259,15,female,1,2019-11-05 17:25:01 UTC
292,15,female,1,2019-11-05 17:25:11 UTC
293,15,female,1,2019-11-05 17:25:45 UTC
144,15,female,1,2019-11-05 17:26:01 UTC
153,15,female,1,2019-11-05 17:26:38 UTC
115,15,female,-1,2019-11-05 17:26:50 UTC
249,15,female,-1,2019-11-05 17:26:55 UTC
140,15,female,-1,2019-11-05 17:27:12 UTC
333,15,female,-1,2019-11-05 17:27:32 UTC
273,15,female,-1,2019-11-05 17:27:49 UTC
272,15,female,-1,2019-11-05 17:28:03 UTC
341,15,female,-1,2019-11-05 17:28:17 UTC
205,15,female,1,2019-11-05 17:28:22 UTC
165,15,female,-1,2019-11-05 17:28:30 UTC
170,15,female,-1,2019-11-05 17:28:44 UTC
236,22,male,-1,2019-11-06 21:19:32 UTC
220,22,male,-1,2019-11-06 21:20:07 UTC
331,22,male,-1,2019-11-06 21:21:02 UTC
129,22,male,-1,2019-11-06 21:21:06 UTC
107,22,male,-1,2019-11-06 21:21:39 UTC
308,22,male,-1,2019-11-06 21:21:51 UTC
293,22,male,-1,2019-11-06 21:22:06 UTC
335,22,male,-1,2019-11-06 21:22:15 UTC
150,22,male,-1,2019-11-06 21:22:44 UTC
222,22,male,-1,2019-11-06 21:23:57 UTC
272,22,male,1,2019-11-06 21:24:57 UTC
194,22,male,-1,2019-11-06 21:25:04 UTC
297,22,male,-1,2019-11-06 21:25:18 UTC
227,22,male,-1,2019-11-06 21:25:28 UTC
110,22,male,1,2019-11-06 21:25:55 UTC
223,22,male,-1,2019-11-06 21:26:05 UTC
217,22,male,-1,2019-11-06 21:26:55 UTC
158,22,male,1,2019-11-06 21:27:19 UTC
198,22,male,-1,2019-11-06 21:27:22 UTC
151,14,female,1,2019-11-07 03:19:46 UTC
331,14,female,1,2019-11-07 03:27:14 UTC
110,14,female,1,2019-11-07 03:27:47 UTC
158,14,female,1,2019-11-07 03:28:14 UTC
336,14,female,1,2019-11-07 03:28:40 UTC
132,14,female,1,2019-11-07 03:29:13 UTC
125,14,female,-1,2019-11-07 03:29:29 UTC
295,14,female,-1,2019-11-07 03:31:19 UTC
114,14,female,1,2019-11-07 03:32:35 UTC
123,14,female,-1,2019-11-07 03:33:27 UTC
200,14,female,1,2019-11-07 03:35:33 UTC
280,14,female,1,2019-11-07 03:37:43 UTC
278,14,female,1,2019-11-07 03:38:18 UTC
302,14,female,1,2019-11-07 03:38:59 UTC
275,14,female,1,2019-11-07 03:40:34 UTC
318,14,female,1,2019-11-07 03:41:03 UTC
236,14,female,1,2019-11-07 03:42:12 UTC
335,14,female,-1,2019-11-07 03:42:55 UTC
238,14,female,-1,2019-11-07 03:43:47 UTC
193,14,female,1,2019-11-07 03:45:18 UTC
321,14,female,1,2019-11-07 03:45:52 UTC
314,14,female,1,2019-11-07 03:47:15 UTC
221,14,female,1,2019-11-07 03:48:06 UTC
315,14,female,1,2019-11-07 03:50:46 UTC
225,14,female,-1,2019-11-07 03:51:43 UTC
227,14,female,-1,2019-11-07 03:52:22 UTC
107,14,female,1,2019-11-07 03:54:10 UTC
346,14,female,1,2019-11-07 03:56:18 UTC
260,14,female,1,2019-11-07 03:56:55 UTC
156,14,female,1,2019-11-07 03:59:27 UTC
139,14,female,1,2019-11-07 04:00:29 UTC
149,14,female,1,2019-11-07 04:01:03 UTC
141,14,female,-1,2019-11-07 04:03:37 UTC
283,14,female,-1,2019-11-07 04:05:38 UTC
291,14,female,1,2019-11-07 04:07:19 UTC
322,14,female,-1,2019-11-07 04:08:44 UTC
339,14,female,1,2019-11-07 04:11:21 UTC
320,14,female,1,2019-11-07 04:12:00 UTC
311,14,female,1,2019-11-07 04:14:00 UTC
297,14,female,1,2019-11-07 04:14:35 UTC
332,14,female,1,2019-11-07 04:15:31 UTC
299,14,female,1,2019-11-07 04:16:32 UTC
313,14,female,1,2019-11-07 04:18:08 UTC
187,14,female,-1,2019-11-07 04:18:46 UTC
273,14,female,-1,2019-11-07 04:25:32 UTC
106,14,female,1,2019-11-07 04:28:01 UTC
317,14,female,-1,2019-11-07 04:29:33 UTC
233,14,female,1,2019-11-07 04:34:00 UTC
282,14,female,1,2019-11-07 04:34:10 UTC
323,14,female,1,2019-11-07 04:34:41 UTC
237,14,female,1,2019-11-07 04:35:20 UTC
306,14,female,1,2019-11-07 04:36:31 UTC
191,14,female,1,2019-11-07 04:38:09 UTC
292,14,female,-1,2019-11-07 04:38:32 UTC
126,14,female,1,2019-11-07 04:40:03 UTC
202,14,female,1,2019-11-07 04:42:11 UTC
325,14,female,1,2019-11-07 04:42:20 UTC
337,14,female,1,2019-11-07 04:42:55 UTC
310,14,female,1,2019-11-07 04:43:46 UTC
135,14,female,1,2019-11-07 04:44:08 UTC
148,14,female,1,2019-11-07 04:44:47 UTC
347,14,female,-1,2019-11-07 04:46:51 UTC
228,14,female,1,2019-11-07 04:47:26 UTC
232,14,female,1,2019-11-07 04:48:24 UTC
140,14,female,1,2019-11-07 04:48:34 UTC
194,14,female,1,2019-11-07 04:49:25 UTC
163,14,female,1,2019-11-07 04:49:42 UTC
127,14,female,-1,2019-11-07 04:50:23 UTC
186,14,female,1,2019-11-07 04:51:12 UTC
319,14,female,1,2019-11-07 04:51:59 UTC
261,14,female,1,2019-11-07 04:53:21 UTC
290,14,female,1,2019-11-07 04:54:11 UTC
243,14,female,1,2019-11-07 04:55:36 UTC
249,14,female,-1,2019-11-07 04:55:43 UTC
345,14,female,1,2019-11-07 04:56:45 UTC
241,14,female,1,2019-11-07 04:57:26 UTC
210,14,female,1,2019-11-07 04:57:39 UTC
342,14,female,-10,2019-11-07 04:57:42 UTC
183,14,female,1,2019-11-07 04:59:02 UTC
281,14,female,1,2019-11-07 04:59:13 UTC
220,14,female,-1,2019-11-07 05:00:32 UTC
161,14,female,-1,2019-11-07 05:01:30 UTC
129,14,female,1,2019-11-07 05:04:30 UTC
179,14,female,1,2019-11-07 05:07:10 UTC
304,14,female,1,2019-11-07 05:07:27 UTC
286,14,female,1,2019-11-07 05:08:01 UTC
244,14,female,-1,2019-11-07 05:08:51 UTC
130,14,female,-1,2019-11-07 05:08:57 UTC
263,14,female,1,2019-11-07 05:09:19 UTC
144,14,female,1,2019-11-07 05:09:31 UTC
119,14,female,1,2019-11-07 05:09:38 UTC
298,14,female,1,2019-11-07 05:10:16 UTC
206,14,female,1,2019-11-07 05:10:49 UTC
242,14,female,1,2019-11-07 05:11:09 UTC
214,14,female,1,2019-11-07 05:11:19 UTC
176,14,female,1,2019-11-07 05:11:31 UTC
301,14,female,1,2019-11-07 05:11:58 UTC
309,14,female,1,2019-11-07 05:12:23 UTC
254,14,female,1,2019-11-07 05:12:43 UTC
308,14,female,1,2019-11-07 05:13:09 UTC
177,14,female,-1,2019-11-07 05:13:22 UTC
245,14,female,1,2019-11-07 05:13:40 UTC
284,14,female,1,2019-11-07 05:14:18 UTC
138,14,female,1,2019-11-07 05:14:33 UTC
293,14,female,1,2019-11-07 05:14:44 UTC
307,14,female,-1,2019-11-07 05:15:08 UTC
173,14,female,1,2019-11-07 05:16:00 UTC
289,14,female,-1,2019-11-07 05:16:04 UTC
117,14,female,1,2019-11-07 05:16:11 UTC
124,14,female,1,2019-11-07 05:16:20 UTC
109,14,female,1,2019-11-07 05:16:30 UTC
328,14,female,1,2019-11-07 05:16:51 UTC
340,14,female,1,2019-11-07 05:18:01 UTC
235,14,female,1,2019-11-07 05:19:56 UTC
303,14,female,1,2019-11-07 05:20:19 UTC
154,14,female,1,2019-11-07 05:21:20 UTC
285,14,female,1,2019-11-07 05:21:36 UTC
287,14,female,1,2019-11-07 05:22:19 UTC
120,14,female,1,2019-11-07 05:22:37 UTC
329,14,female,1,2019-11-07 05:22:47 UTC
136,14,female,1,2019-11-07 05:23:01 UTC
259,14,female,1,2019-11-07 05:23:39 UTC
143,14,female,1,2019-11-07 05:23:51 UTC
226,14,female,1,2019-11-07 05:24:19 UTC
333,14,female,-1,2019-11-07 05:25:16 UTC
165,14,female,1,2019-11-07 05:25:53 UTC
170,14,female,1,2019-11-07 05:26:06 UTC
213,14,female,1,2019-11-07 05:26:16 UTC
305,14,female,1,2019-11-07 05:27:20 UTC
327,14,female,1,2019-11-07 05:27:29 UTC
164,14,female,1,2019-11-07 05:28:11 UTC
330,14,female,1,2019-11-07 05:28:38 UTC
338,14,female,1,2019-11-07 05:29:04 UTC
334,14,female,1,2019-11-07 05:29:16 UTC
267,14,female,1,2019-11-07 05:29:35 UTC
300,14,female,1,2019-11-07 05:29:43 UTC
294,14,female,1,2019-11-07 05:30:02 UTC
180,14,female,1,2019-11-07 05:30:41 UTC
257,14,female,1,2019-11-07 05:31:33 UTC
269,14,female,-1,2019-11-07 05:32:49 UTC
279,14,female,1,2019-11-07 05:34:56 UTC
116,14,female,1,2019-11-07 05:35:20 UTC
316,14,female,1,2019-11-07 05:35:46 UTC
344,14,female,-1,2019-11-07 05:36:44 UTC
217,14,female,1,2019-11-07 05:37:52 UTC
223,14,female,1,2019-11-07 05:38:07 UTC
240,14,female,1,2019-11-07 05:38:36 UTC
271,14,female,1,2019-11-07 05:38:44 UTC
115,14,female,-1,2019-11-07 05:38:57 UTC
171,14,female,1,2019-11-07 05:39:26 UTC
199,14,female,1,2019-11-07 05:40:02 UTC
288,14,female,1,2019-11-07 05:40:28 UTC
231,14,female,1,2019-11-07 05:41:07 UTC
252,14,female,1,2019-11-07 05:41:31 UTC
224,14,female,1,2019-11-07 05:42:31 UTC
211,14,female,-1,2019-11-07 05:42:59 UTC
312,14,female,1,2019-11-07 05:43:07 UTC
204,14,female,1,2019-11-07 05:43:15 UTC
296,14,female,1,2019-11-07 05:43:35 UTC
146,14,female,-1,2019-11-07 05:44:20 UTC
159,14,female,1,2019-11-07 05:45:21 UTC
326,14,female,1,2019-11-07 05:45:34 UTC
341,14,female,1,2019-11-07 05:45:59 UTC
131,14,female,1,2019-11-07 05:46:24 UTC
145,14,female,1,2019-11-07 05:51:02 UTC
197,14,female,1,2019-11-07 05:51:29 UTC
343,14,female,1,2019-11-07 05:51:50 UTC
256,14,female,-1,2019-11-07 05:52:10 UTC
147,14,female,1,2019-11-07 05:52:59 UTC
118,14,female,1,2019-11-07 05:53:22 UTC
324,14,female,1,2019-11-07 05:53:56 UTC
184,19,male,-1,2019-11-08 02:52:02 UTC
253,15,female,1,2019-11-08 07:11:26 UTC
336,15,female,1,2019-11-08 07:11:41 UTC
294,15,female,1,2019-11-08 07:11:55 UTC
321,15,female,1,2019-11-08 07:12:09 UTC
342,15,female,-10,2019-11-08 07:12:14 UTC
286,15,female,1,2019-11-08 07:12:42 UTC
289,15,female,-1,2019-11-08 07:12:46 UTC
230,15,female,-1,2019-11-08 07:12:48 UTC
219,15,female,-1,2019-11-08 07:13:01 UTC
300,15,female,1,2019-11-08 07:13:12 UTC
308,15,female,1,2019-11-08 07:13:29 UTC
116,15,female,-1,2019-11-08 07:13:41 UTC
338,15,female,-1,2019-11-08 07:13:53 UTC
315,15,female,-1,2019-11-08 07:14:14 UTC
323,15,female,1,2019-11-08 07:14:48 UTC
185,15,female,-1,2019-11-08 07:14:56 UTC
114,15,female,-1,2019-11-08 07:15:09 UTC
343,15,female,1,2019-11-08 07:15:28 UTC
330,15,female,1,2019-11-08 07:15:44 UTC
235,15,female,1,2019-11-08 07:15:58 UTC
288,15,female,-1,2019-11-08 07:16:18 UTC
129,15,female,-1,2019-11-08 07:16:30 UTC
246,15,female,1,2019-11-08 07:16:57 UTC
228,15,female,-1,2019-11-08 07:17:40 UTC
347,15,female,1,2019-11-08 07:18:06 UTC
118,15,female,1,2019-11-08 07:18:30 UTC
206,15,female,-1,2019-11-08 07:18:52 UTC
341,18,male,-1,2019-11-09 19:20:13 UTC
273,18,male,1,2019-11-09 19:21:03 UTC
333,18,male,1,2019-11-09 19:21:51 UTC
142,18,male,1,2019-11-09 19:22:27 UTC
225,18,male,-1,2019-11-09 19:22:57 UTC
226,18,male,-1,2019-11-09 19:23:24 UTC
296,18,male,-1,2019-11-09 19:24:03 UTC
193,18,male,-1,2019-11-09 19:24:34 UTC
272,18,male,-1,2019-11-09 19:25:03 UTC
261,18,male,-1,2019-11-09 19:25:45 UTC
230,18,male,-1,2019-11-09 19:26:23 UTC
166,18,male,-1,2019-11-09 19:26:48 UTC
154,18,male,1,2019-11-09 19:27:23 UTC
326,18,male,-1,2019-11-09 19:27:37 UTC
276,18,male,1,2019-11-09 19:28:18 UTC
292,18,male,1,2019-11-09 19:28:49 UTC
313,18,male,1,2019-11-09 19:29:03 UTC
329,18,male,1,2019-11-09 19:29:31 UTC
265,18,male,1,2019-11-09 19:30:42 UTC
295,18,male,1,2019-11-09 19:31:00 UTC
234,18,male,1,2019-11-09 19:31:33 UTC
235,18,male,1,2019-11-09 19:32:21 UTC
145,18,male,1,2019-11-09 19:33:16 UTC
227,18,male,-1,2019-11-09 19:33:52 UTC
332,18,male,1,2019-11-09 19:35:04 UTC
160,25,male,1,2019-11-10 13:02:20 UTC
275,25,male,-1,2019-11-10 13:02:42 UTC
313,25,male,-1,2019-11-10 13:02:50 UTC
334,25,male,1,2019-11-10 13:04:54 UTC
176,25,male,-1,2019-11-10 13:06:45 UTC
321,25,male,-1,2019-11-10 13:08:44 UTC
261,25,male,-1,2019-11-10 13:09:16 UTC
254,25,male,-1,2019-11-10 13:09:25 UTC
287,25,male,-1,2019-11-10 13:10:00 UTC
220,25,male,-1,2019-11-10 13:10:37 UTC
185,25,male,-1,2019-11-10 13:10:56 UTC
295,25,male,-1,2019-11-10 13:11:13 UTC
187,25,male,-1,2019-11-10 13:11:40 UTC
331,25,male,-1,2019-11-10 13:11:46 UTC
338,25,male,-1,2019-11-10 13:12:30 UTC
252,25,male,-1,2019-11-10 13:13:34 UTC
127,25,male,-1,2019-11-10 13:14:12 UTC
244,25,male,-1,2019-11-10 13:14:15 UTC
317,25,male,-1,2019-11-10 13:14:54 UTC
308,25,male,-1,2019-11-10 13:17:02 UTC
282,25,male,1,2019-11-10 13:19:12 UTC
285,25,male,1,2019-11-10 13:20:06 UTC
296,25,male,-1,2019-11-10 13:21:54 UTC
213,25,male,1,2019-11-10 13:23:45 UTC
286,25,male,-1,2019-11-10 13:24:08 UTC
329,25,male,-1,2019-11-10 13:24:20 UTC
301,25,male,1,2019-11-10 13:25:15 UTC
327,25,male,1,2019-11-10 13:26:24 UTC
177,25,male,-1,2019-11-10 13:26:28 UTC
139,25,male,1,2019-11-10 13:27:49 UTC
145,25,male,-1,2019-11-10 13:28:28 UTC
196,25,male,-1,2019-11-10 13:29:11 UTC
265,25,male,-1,2019-11-10 13:30:26 UTC
124,25,male,1,2019-11-10 13:30:57 UTC
289,25,male,-1,2019-11-10 13:31:15 UTC
197,25,male,-1,2019-11-10 13:31:39 UTC
136,25,male,-1,2019-11-10 13:31:44 UTC
158,25,male,-1,2019-11-10 13:32:12 UTC
241,25,male,-1,2019-11-10 13:34:18 UTC
219,25,male,-1,2019-11-10 13:34:27 UTC
221,25,male,-1,2019-11-10 13:34:36 UTC
143,25,male,-1,2019-11-10 13:35:07 UTC
343,25,male,1,2019-11-10 13:36:23 UTC
290,25,male,-1,2019-11-10 13:36:28 UTC
163,25,male,-1,2019-11-10 13:36:50 UTC
337,25,male,-1,2019-11-10 13:36:58 UTC
328,25,male,-1,2019-11-10 13:37:02 UTC
199,25,male,1,2019-11-10 13:38:32 UTC
238,25,male,-1,2019-11-10 13:39:51 UTC
269,25,male,-1,2019-11-10 13:40:21 UTC
318,25,male,-1,2019-11-10 13:41:48 UTC
332,25,male,-1,2019-11-10 13:42:23 UTC
126,25,male,-1,2019-11-10 13:42:38 UTC
300,25,male,1,2019-11-10 13:44:11 UTC
330,25,male,-1,2019-11-10 13:45:30 UTC
267,25,male,1,2019-11-10 13:47:47 UTC
155,25,male,-1,2019-11-10 13:48:30 UTC
294,25,male,-1,2019-11-10 13:49:15 UTC
152,25,male,-1,2019-11-10 13:50:25 UTC
112,25,male,-1,2019-11-10 13:50:33 UTC
259,25,male,-1,2019-11-10 13:51:07 UTC
283,25,male,-1,2019-11-10 13:51:30 UTC
214,25,male,-1,2019-11-10 13:51:42 UTC
325,25,male,1,2019-11-10 13:53:56 UTC
347,25,male,-1,2019-11-10 13:54:04 UTC
346,25,male,-1,2019-11-10 13:54:44 UTC
277,25,male,-1,2019-11-10 13:56:04 UTC
340,25,male,-1,2019-11-10 13:56:32 UTC
167,25,male,-1,2019-11-10 13:56:35 UTC
154,25,male,-1,2019-11-10 13:57:06 UTC
161,25,male,-1,2019-11-10 13:57:29 UTC
307,25,male,-1,2019-11-10 13:57:42 UTC
195,25,male,-1,2019-11-10 13:57:50 UTC
137,25,male,-1,2019-11-10 13:58:13 UTC
200,25,male,-1,2019-11-10 13:59:01 UTC
133,25,male,-1,2019-11-10 14:00:00 UTC
247,25,male,1,2019-11-10 14:00:32 UTC
314,25,male,-1,2019-11-10 14:01:55 UTC
119,25,male,-1,2019-11-10 14:02:44 UTC
111,25,male,-1,2019-11-10 14:02:48 UTC
114,25,male,1,2019-11-10 14:04:36 UTC
125,25,male,-1,2019-11-10 14:04:59 UTC
298,25,male,-1,2019-11-10 14:05:33 UTC
236,25,male,-1,2019-11-10 14:05:46 UTC
138,25,male,-1,2019-11-10 14:05:49 UTC
345,25,male,-1,2019-11-10 14:06:23 UTC
288,25,male,-1,2019-11-10 14:06:33 UTC
156,25,male,-1,2019-11-10 14:07:17 UTC
320,25,male,-1,2019-11-10 14:08:00 UTC
228,25,male,-1,2019-11-10 14:08:31 UTC
232,25,male,-1,2019-11-10 14:08:38 UTC
120,25,male,1,2019-11-10 14:12:13 UTC
153,25,male,1,2019-11-10 14:12:58 UTC
292,25,male,-1,2019-11-10 14:13:11 UTC
106,25,male,-1,2019-11-10 14:13:28 UTC
164,25,male,-1,2019-11-10 14:13:36 UTC
293,25,male,-1,2019-11-10 14:13:44 UTC
129,25,male,-1,2019-11-10 14:14:02 UTC
339,25,male,1,2019-11-10 14:16:44 UTC
297,25,male,-1,2019-11-10 14:16:49 UTC
315,25,male,-1,2019-11-10 14:17:03 UTC
130,25,male,-1,2019-11-10 14:17:07 UTC
268,25,male,-1,2019-11-10 14:17:22 UTC
303,25,male,-1,2019-11-10 14:18:05 UTC
326,25,male,-1,2019-11-10 14:18:17 UTC
281,25,male,-1,2019-11-10 14:19:21 UTC
344,25,male,-1,2019-11-10 14:19:26 UTC
305,25,male,-1,2019-11-10 14:19:54 UTC
146,25,male,-1,2019-11-10 14:20:13 UTC
336,25,male,-1,2019-11-10 14:20:40 UTC
250,25,male,-1,2019-11-10 14:22:10 UTC
284,25,male,-1,2019-11-10 14:22:39 UTC
233,25,male,-1,2019-11-10 14:23:01 UTC
231,25,male,-1,2019-11-10 14:24:25 UTC
211,25,male,-1,2019-11-10 14:24:29 UTC
280,25,male,-1,2019-11-10 14:25:17 UTC
179,25,male,-1,2019-11-10 14:25:29 UTC
149,25,male,-1,2019-11-10 14:25:51 UTC
109,25,male,-1,2019-11-10 14:26:20 UTC
123,25,male,-1,2019-11-10 14:26:50 UTC
335,25,male,-1,2019-11-10 14:27:00 UTC
113,25,male,-1,2019-11-10 14:27:03 UTC
166,25,male,-1,2019-11-10 14:27:53 UTC
309,25,male,1,2019-11-10 14:29:02 UTC
310,25,male,-1,2019-11-10 14:29:53 UTC
258,25,male,1,2019-11-10 14:31:47 UTC
342,25,male,-10,2019-11-10 14:31:59 UTC
173,25,male,-1,2019-11-10 14:32:23 UTC
324,25,male,-1,2019-11-10 14:32:49 UTC
116,25,male,-1,2019-11-10 14:32:58 UTC
159,25,male,-1,2019-11-10 14:33:17 UTC
203,25,male,-1,2019-11-10 14:33:31 UTC
204,25,male,-1,2019-11-10 14:33:48 UTC
333,25,male,-1,2019-11-10 14:34:21 UTC
291,25,male,-1,2019-11-10 14:35:18 UTC
341,25,male,-1,2019-11-10 14:35:28 UTC
322,25,male,-1,2019-11-10 14:35:32 UTC
171,25,male,-1,2019-11-10 14:38:03 UTC
189,25,male,-1,2019-11-10 14:38:20 UTC
246,25,male,-1,2019-11-10 14:40:05 UTC
151,25,male,-1,2019-11-10 14:41:20 UTC
274,25,male,1,2019-11-10 14:44:16 UTC
249,25,male,-1,2019-11-10 14:44:19 UTC
323,25,male,-1,2019-11-10 14:45:25 UTC
302,25,male,-1,2019-11-10 14:46:19 UTC
306,25,male,-1,2019-11-10 14:46:52 UTC
229,25,male,-1,2019-11-10 14:47:16 UTC
242,13,male,-1,2019-11-10 18:24:27 UTC
159,13,male,-1,2019-11-10 18:24:31 UTC
204,13,male,-1,2019-11-10 18:32:18 UTC
239,21,male,-1,2019-11-11 04:34:08 UTC
333,21,male,-1,2019-11-11 04:34:26 UTC
347,21,male,1,2019-11-11 04:35:00 UTC
179,21,male,-1,2019-11-11 04:35:34 UTC
341,21,male,-1,2019-11-11 04:35:57 UTC
252,21,male,1,2019-11-11 04:37:24 UTC
197,21,male,1,2019-11-11 04:38:29 UTC
310,21,male,-1,2019-11-11 04:38:46 UTC
295,21,male,-1,2019-11-11 04:39:15 UTC
331,21,male,-1,2019-11-11 04:39:35 UTC
303,21,male,1,2019-11-11 04:39:56 UTC
340,21,male,-1,2019-11-11 04:42:01 UTC
274,21,male,-1,2019-11-11 04:43:01 UTC
300,21,male,1,2019-11-11 04:43:36 UTC
344,21,male,-1,2019-11-11 04:43:53 UTC
244,21,male,-1,2019-11-11 04:44:15 UTC
339,21,male,1,2019-11-11 04:45:26 UTC
260,21,male,-1,2019-11-11 04:45:45 UTC
346,21,male,-1,2019-11-11 04:46:29 UTC
312,21,male,-1,2019-11-11 04:47:14 UTC
193,21,male,-1,2019-11-11 04:47:35 UTC
200,21,male,-1,2019-11-11 04:47:52 UTC
132,21,male,-1,2019-11-11 04:48:04 UTC
247,21,male,1,2019-11-11 04:48:49 UTC
156,21,male,-1,2019-11-11 04:48:55 UTC
320,21,male,1,2019-11-11 04:49:21 UTC
332,21,male,1,2019-11-11 04:50:02 UTC
262,21,male,-1,2019-11-11 04:50:16 UTC
174,21,male,-1,2019-11-11 04:50:25 UTC
176,21,male,-1,2019-11-11 04:50:32 UTC
145,21,male,-1,2019-11-11 04:56:29 UTC
257,21,male,-1,2019-11-11 04:57:02 UTC
163,21,male,-1,2019-11-11 04:57:09 UTC
305,21,male,1,2019-11-11 04:57:37 UTC
321,21,male,-1,2019-11-11 04:57:52 UTC
306,21,male,-1,2019-11-11 04:58:18 UTC
169,21,male,-1,2019-11-11 04:59:06 UTC
251,21,male,-1,2019-11-11 04:59:43 UTC
278,21,male,-1,2019-11-11 05:00:10 UTC
290,21,male,-1,2019-11-11 05:00:22 UTC
291,21,male,1,2019-11-11 05:00:50 UTC
229,21,male,-1,2019-11-11 05:01:30 UTC
238,21,male,-1,2019-11-11 05:01:48 UTC
122,21,male,-10,2019-11-11 05:01:56 UTC
304,21,male,-1,2019-11-11 05:02:34 UTC
253,21,male,-1,2019-11-11 05:02:49 UTC
309,21,male,1,2019-11-11 05:03:31 UTC
177,21,male,-1,2019-11-11 05:03:42 UTC
324,21,male,1,2019-11-11 05:04:10 UTC
258,21,male,-1,2019-11-11 05:04:38 UTC
325,21,male,-1,2019-11-11 05:05:12 UTC
327,21,male,-1,2019-11-11 05:06:02 UTC
326,21,male,-1,2019-11-11 05:06:31 UTC
311,21,male,-10,2019-11-11 05:06:56 UTC
345,21,male,1,2019-11-11 05:08:01 UTC
139,21,male,-1,2019-11-11 05:08:14 UTC
343,21,male,1,2019-11-11 05:08:38 UTC
221,21,male,-1,2019-11-11 05:08:50 UTC
108,21,male,1,2019-11-11 05:09:04 UTC
342,21,male,-10,2019-11-11 05:09:05 UTC
167,21,male,-1,2019-11-11 05:09:15 UTC
269,21,male,-1,2019-11-11 05:09:49 UTC
336,21,male,1,2019-11-11 05:10:13 UTC
287,21,male,-1,2019-11-11 05:10:26 UTC
186,21,male,-1,2019-11-11 05:11:17 UTC
203,21,male,-1,2019-11-11 05:11:54 UTC
205,21,male,1,2019-11-11 05:12:10 UTC
313,21,male,-1,2019-11-11 05:12:41 UTC
134,21,male,-1,2019-11-11 05:12:48 UTC
184,21,male,1,2019-11-11 05:13:05 UTC
212,21,male,-1,2019-11-11 05:13:20 UTC
127,21,male,-1,2019-11-11 05:13:36 UTC
237,21,male,-1,2019-11-11 05:14:09 UTC
166,21,male,-1,2019-11-11 05:14:23 UTC
130,21,male,-1,2019-11-11 05:14:28 UTC
114,21,male,-1,2019-11-11 05:15:05 UTC
301,21,male,-1,2019-11-11 05:16:05 UTC
267,21,male,-1,2019-11-11 05:16:43 UTC
284,21,male,-1,2019-11-11 05:17:04 UTC
256,21,male,-10,2019-11-11 05:17:07 UTC
234,21,male,-1,2019-11-11 05:17:31 UTC
322,21,male,-1,2019-11-11 05:17:47 UTC
318,21,male,-1,2019-11-11 05:18:18 UTC
328,21,male,-1,2019-11-11 05:18:36 UTC
329,21,male,-1,2019-11-11 05:18:46 UTC
315,21,male,-1,2019-11-11 05:18:53 UTC
319,21,male,-10,2019-11-11 05:19:06 UTC
289,21,male,-1,2019-11-11 05:19:11 UTC
140,21,male,-1,2019-11-11 05:19:34 UTC
330,21,male,-1,2019-11-11 05:20:08 UTC
286,21,male,1,2019-11-11 05:20:29 UTC
338,21,male,-1,2019-11-11 05:20:43 UTC
214,21,male,-1,2019-11-11 05:20:52 UTC
135,21,male,-1,2019-11-11 05:20:57 UTC
138,21,male,-1,2019-11-11 05:21:02 UTC
223,21,male,-1,2019-11-11 05:21:12 UTC
298,21,male,1,2019-11-11 05:21:28 UTC
240,21,male,-1,2019-11-11 05:21:36 UTC
232,21,male,-1,2019-11-11 05:21:44 UTC
277,21,male,-1,2019-11-11 05:21:48 UTC
281,21,male,-1,2019-11-11 05:22:27 UTC
275,21,male,1,2019-11-11 05:23:22 UTC
297,21,male,-1,2019-11-11 05:23:31 UTC
155,21,male,1,2019-11-11 05:23:53 UTC
268,21,male,1,2019-11-11 05:24:04 UTC
241,21,male,-1,2019-11-11 05:24:14 UTC
173,21,male,-1,2019-11-11 05:24:24 UTC
263,24,male,1,2019-11-11 08:23:53 UTC
176,24,male,-1,2019-11-11 08:30:26 UTC
318,24,male,-1,2019-11-11 08:32:52 UTC
311,24,male,1,2019-11-11 08:35:54 UTC
269,24,male,-1,2019-11-11 08:37:34 UTC
303,24,male,-1,2019-11-11 08:38:38 UTC
334,24,male,-1,2019-11-11 08:40:42 UTC
248,24,male,-10,2019-11-11 08:41:10 UTC
251,24,male,-1,2019-11-11 08:44:03 UTC
241,24,male,1,2019-11-11 08:52:12 UTC
324,24,male,-10,2019-11-11 08:53:28 UTC
328,24,male,-10,2019-11-11 08:54:01 UTC
320,24,male,-1,2019-11-11 08:54:40 UTC
280,24,male,-1,2019-11-11 08:58:18 UTC
163,24,male,-1,2019-11-11 09:01:20 UTC
275,24,male,1,2019-11-11 09:04:04 UTC
327,24,male,-1,2019-11-11 10:38:50 UTC
341,24,male,-10,2019-11-11 10:39:13 UTC
326,15,female,1,2019-11-11 12:06:15 UTC
179,15,female,1,2019-11-11 12:06:30 UTC
106,15,female,1,2019-11-11 12:07:47 UTC
295,15,female,-1,2019-11-11 12:07:57 UTC
233,15,female,1,2019-11-11 12:08:04 UTC
322,15,female,1,2019-11-11 12:08:15 UTC
155,15,female,-1,2019-11-11 12:08:19 UTC
297,15,female,-1,2019-11-11 12:08:23 UTC
195,15,female,1,2019-11-11 12:08:31 UTC
313,15,female,1,2019-11-11 12:08:38 UTC
291,15,female,-1,2019-11-11 12:08:49 UTC
334,15,female,-1,2019-11-11 12:08:59 UTC
223,15,female,-1,2019-11-11 12:09:07 UTC
332,15,female,-1,2019-11-11 12:09:17 UTC
186,15,female,-1,2019-11-11 12:09:37 UTC
237,15,female,1,2019-11-11 12:09:44 UTC
301,15,female,1,2019-11-11 12:10:01 UTC
156,15,female,-1,2019-11-11 12:10:10 UTC
214,15,female,1,2019-11-11 12:10:15 UTC
212,15,female,-1,2019-11-11 12:10:25 UTC
335,15,female,-1,2019-11-11 12:10:33 UTC
226,15,female,-1,2019-11-11 12:10:40 UTC
320,15,female,1,2019-11-11 12:10:45 UTC
314,15,female,1,2019-11-11 12:11:00 UTC
345,15,female,-1,2019-11-11 12:11:09 UTC
296,15,female,-1,2019-11-11 12:11:30 UTC
324,15,female,1,2019-11-11 12:11:39 UTC
311,15,female,1,2019-11-11 12:11:46 UTC
141,15,female,1,2019-11-11 12:11:53 UTC
275,15,female,-1,2019-11-11 12:12:00 UTC
193,15,female,-1,2019-11-11 12:12:14 UTC
139,15,female,-1,2019-11-11 12:12:20 UTC
327,15,female,1,2019-11-11 12:12:26 UTC
221,15,female,-1,2019-11-11 12:12:45 UTC
339,15,female,-1,2019-11-11 12:12:59 UTC
108,15,female,1,2019-11-11 12:13:48 UTC
238,15,female,1,2019-11-11 12:13:56 UTC
346,15,female,-1,2019-11-11 12:14:07 UTC
299,15,female,-1,2019-11-11 12:14:18 UTC
267,15,female,1,2019-11-11 12:14:27 UTC
305,15,female,-1,2019-11-11 12:15:15 UTC
251,15,female,-1,2019-11-11 12:15:20 UTC
262,15,female,-1,2019-11-11 12:15:25 UTC
199,15,female,-1,2019-11-11 12:15:43 UTC
134,15,female,-1,2019-11-11 12:15:49 UTC
309,15,female,1,2019-11-11 12:15:55 UTC
310,15,female,-1,2019-11-11 12:16:03 UTC
269,15,female,-1,2019-11-11 12:16:09 UTC
278,15,female,-1,2019-11-11 12:16:15 UTC
302,15,female,1,2019-11-11 12:16:20 UTC
137,15,female,-1,2019-11-11 12:16:35 UTC
337,15,female,-1,2019-11-11 12:16:49 UTC
303,15,female,-1,2019-11-11 12:17:01 UTC
290,15,female,-1,2019-11-11 12:17:11 UTC
247,15,female,1,2019-11-11 12:17:47 UTC
261,15,female,1,2019-11-11 12:17:54 UTC
260,15,female,-1,2019-11-11 12:18:02 UTC
325,15,female,-1,2019-11-11 12:18:15 UTC
280,15,female,1,2019-11-11 12:18:21 UTC
133,15,female,-1,2019-11-11 12:18:35 UTC
159,15,female,-1,2019-11-11 12:18:42 UTC
166,15,female,-1,2019-11-11 12:18:51 UTC
239,15,female,1,2019-11-11 12:19:00 UTC
312,15,female,1,2019-11-11 12:19:10 UTC
197,15,female,-1,2019-11-11 12:19:18 UTC
161,15,female,1,2019-11-11 12:19:25 UTC
